unit,unit_std
1-quart,quart
12-inch,inch
Becher,cup
Blatt,sheet
Blätter,sheet
Bund,bunch
C,cup
Can,can
Cans,can
Clove,clove
Cloves,clove
Cup,cup
Dose,can
Dosen,can
EL,tablespoon
El,tablespoon
Flasche,bottle
Glas,jar
Handvoll,handful
KG,kg
Knoblauchzehe,clove
Kopf,head
Kugel,ball
Kugeln,ball
L,l
Links,
Liter,l
Messerspitze,
Msp.,
Pack,pack
Packung,pack
Paket,
Pck,pack
Pck.,pack
Pound,lb
Prise,
Päckchen,pack
Rolle,roll
Scheibe,slice
Scheiben,slice
Schöpfkelle,scoop
Scoops,scoop
Slices,slice
Spritzer,dash
Stange,stick
Stiele,stalk
Stängel,stalk
Stück,
T,teaspoon
T.,teaspoon
TB,tablespoon
TBS,tablespoon
TBSP,tablespoon
TL,teaspoon
TSP,teaspoon
Tablespoon,tablespoon
Tablespoons,tablespoon
Tasse,cup
Tb,tablespoon
Tbl,tablespoon
Tbls,tablespoon
Tblsp,tablespoon
Tbs,tablespoon
Tbs.,
Tbsp,tablespoon
Teaspoon,teaspoon
Teelöffel,
Topf,pan
Tsp,teaspoon
Töpfchen,pan
Töpfe,pan
Würfel,cube
Zehe,clove
Zehen,clove
Zweig,sprig
Zweig/e,sprig
Zweige,sprig
bag,bag
bags,bag
baguettes,
ball,ball
balls,ball
bar,bar
bars,bar
barspoons,spoon
basket,basket
baskets,basket
batch,set
batches,set
beads,
bean,
beans,
becher,cup
berries,
bird,
biscuits,
bit,
blades,
block,bar
blocks,bar
bos,bunch
bosje,bunch
bottle,bottle
bottles,bottle
bouillon cube,cube
bowl,bowl
bowls,bowl
box,box
boxes,box
branch,branch
branches,branch
bread,
breasts,
brick,bar
btl,bottle
btls,bottle
bu,
buckets,bucket
bulb,
bulbs,
bun,
bunch,bunch
bunches,bunch
bund,bunch
bundle,bunch
bundles,bunch
buns,
bush,
bushel,
bx,box
c,cup
c.,cup
cake,
cakes,
can,can
can(s),can
candies,
candy bars,
cans,can
cap,
capful,
caps,
capsules,
carton,box
cartons,box
cartoon,
case,box
cases,box
cello bags,bag
centiliters,
centimeter,cm
chops,
chps,
chunk,
chunks,
cl,
clove,clove
clove(s),clove
cloves,clove
clumps,
clusters,
clv,clove
cm,cm
cms,cm
cob,
cobs,
coil,
cone,
cones,
cont,
container,
containers,
containter,
cookie,
cookies,
count,count
cp,cup
cranks,
crates,
crust,
crusts,
cube,cube
cubes,cube
cubic inch,inch
cup,cup
cupe,cup
cupls,cup
cups,cup
cutlet,
cuts,
cylinder,
dash,dash
dashes,dash
deciliter,
deciliters,
demitasse spoon,spoon
dessertspoonful,spoon
disc,
discs,
disk,
disks,
dl,
dollop,
dollops,
dose,can
dozen,count
drizzle,
drizzles,
drop,
drops,
dsp,
ea,count
each,count
ear,
ears,
eetlepel,tablespoon
eetlepels,tablespoon
egg,egg
eggs,egg
el,tablespoon
envelope,
envelopes,
feet,foot
fifth,
filets,
fillet,
fillets,
finger,
fingers,
fist,handful
fistful,handful
fl ounces,
fl oz,oz
fl. oz.,oz
fl.-oz,oz
flakes,
flask,flask
flaska,flask
flatbread,
florets,
fluid dram,
fluid ounce,oz
fluid ounces,oz
fluid oz,oz
flute,flute
foot,foot
fruit,
ft,foot
g,g
gal,gallon
gallon,gallon
gallons,gallon
gill,gill
gills,gill
gim,
glass,cup
glasses,cup
gln,
glug,
glugs,
gm,g
gms,g
gr,g
grain,
grains,
gram,g
grams,g
grindings,
grinds,
half,
half-inch,inch
half-pint,pint
halves,
hand,pinch
hand full,handful
handful,handful
handfull,pinch
handfulls,pinch
handfuls,handful
handvol,handful
head,head
heads,head
heart,
hearts,
heels,
hour,
hunk,
in,inch
in.,inch
inch,inch
inches,inch
inchs,inch
individual,count
item,count
jar,jar
jars,jar
jigger,shot
jiggers,shot
jug,
juice,
k,
kernels,
kg,kg
kilo,kg
kilogram,kg
kilograms,kg
kilos,kg
kit,set
knob,
knobs,
kopf,head
l,l
ladles,scoop
laminates,
large,
layer,layer
layers,layer
lb,lb
lb.,lb
lbs,lb
leaf,leaf
leaves,leaf
leg,
lemon,
lengths,
lg,
limes,
link,
link(s),
links,
lit,
liter,l
liters,l
litre,l
litres,l
loaf,
loaves,
log,log
lt,l
lumps,
m,
mL,ml
medallions,
medium,
mg,
mil,
milliliter,ml
milliliters,ml
millilitre,ml
min,
ml,ml
mls,ml
mm,mm
muffin,
mug,cup
nest,
nests,
no.,count
noodles,
nos,count
nut,
once,
onces,
ounce,oz
ounces,oz
ounze,oz
oz,oz
oz.,oz
ozs,oz
pack,pack
package,pack
package(s),pack
packages,pack
packet,
packets,
packs,pack
packung,pack
packungen,pack
pakje,pack
pans,pan
parcel,
part,
parts,
pat,
pats,
patties,
pc,piece
pck,pack
pckg,pack
pcs,piece
pebbles,
peel,
pencil,
per,
petal,
petals,
pie,
piece,piece
pieces,piece
pinch,
pinches,
pint,pint
pints,pint
pk,pack
pkg,pack
pkge,
pkgs,pack
pkt,pack
pkts,pack
plank,
plants,
plate,plate
pn,piece
pockets,
pod,
pods,
portion,piece
portions,piece
pot,
pouch,pouch
pouches,pouch
pound,lb
pounds,lb
pounnd,lb
pt,pint
punnet,
punnets,
qt,quart
quart,quart
quarter,
quarter loaf,
quarters,
quarts,quart
rack,
racks,
rashers,
recipe,
rectangle,
rib,
ribs,
ring,
rings,
roll,roll
rolls,roll
round,round
rounds,round
sachet,sachet
sachets,sachet
sandwich,
sauce jar,jar
saucepan,pan
sausages,
scheiben,slice
scoop,scoop
scoops,scoop
seconds,
section,
sections,
seeds,
segments,
serving,piece
servings,piece
set,set
sets,set
shake,
shakes,
shavings,
sheet,sheet
sheets,sheet
shells,
shot,shot
shots,shot
side,
sides,
six-packs,
skewer,
skewers,
skilletful,
sl,
slab,slab
slabs,slab
slces,slice
slice,slice
slices,slice
sliver,sliver
slivers,sliver
small,
smidgen,
sp,
spear,
spears,
splash,dash
splashes,dash
spool,
spoon,spoon
spoonful,spoon
spoonfuls,spoon
spoons,spoon
spray,
sprays,
sprig,sprig
sprigs,sprig
spring,
springs,
sprinkle,
sprinkles,
spritzer,dash
sq.inch,inch
square,
square inch,inch
squares,
squeeze,
squeezes,
squirt,
squirts,
stalk,stalk
stalks,stalk
steak,
steaks,
stem,stalk
stems,stalk
stick,stick
sticks,stick
stiele,stalk
stk,piece
stock cubes,cube
strand,
strands,
strends,
string,
strip,strip
strips,strip
t,teaspoon
t.,teaspoon
tab,
tabelspoon,tablespoon
tabelspoons,tablespoon
tabl,
table,
table spoons,tablespoon
tablelspoon,tablespoon
tablepsoons,tablespoon
tablespoon,tablespoon
tablespoonful,
tablespoonfuls,
tablespoons,tablespoon
tablespoonsful,
tablesppons,tablespoon
tablet,
tablets,
tablspoon,tablespoon
takjes,sprig
talespoon,tablespoon
taplespoon,tablespoon
tblps,
tbls,tablespoon
tblsp,tablespoon
tblsps,
tbos,tablespoon
tbps,tablespoon
tbs,tablespoon
tbsb,tablespoon
tbsl,tablespoon
tbslp,tablespoon
tbsp,tablespoon
tbsps,tablespoon
tea bag,
tea bags,
tea spoon,teaspoon
teabags,
teacup,cup
teapoon,teaspoon
teapsoon,teaspoon
teasoon,teaspoon
teasp,teaspoon
teasponn,teaspoon
teaspoon,teaspoon
teaspoonful,
teaspoons,teaspoon
teaspooon,teaspoon
teen,
teentjes,
tesapoon,teaspoon
tespoon,teaspoon
thigh,
thighs,
thread,
threads,
thsp,teaspoon
thumb,pinch
thumb-piece,pinch
thumbs,pinch
tin,tin
tins,tin
tl,teaspoon
tlbs,
toasts,
topf,pan
tortilla,
tortillas,
touch,dash
tps,teaspoon
tpsp,teaspoon
tray,tray
trays,tray
ts,
tsb,
tsk,teaspoon
tsp,teaspoon
tspn,teaspoon
tsps,teaspoon
tst,teaspoon
tub,tub
tube,tube
tubes,tube
tubs,tub
turn,
turns,
tvsp,teaspoon
twelve-ounce can,can
twigs,branch
twist,
twists,
unit,count
units,count
wafers,
waffles,
wedge,wedge
wedges,wedge
wheel,wheel
wheels,wheel
whole,
wineglass,cup
wineglasses,cup
wings,
wrap,
wrappers,
wraps,
yard,yard
yards,yard
zakje,bag
zehe,clove
zehen,clove
zest,
